#動作コマンド名,動作ID,条件コマンド名,条件ID
# キャリブレイター


Calibrator,001,RepeatCount,001

Snapshot,clearBuffer1,RepeatCount,001
CameraTracking,S001,Distance,035
CameraTracking,R-R001,Distance,040
CameraTracking,S001,Distance,035
CameraTracking,R-R001,Distance,040
CameraTracking,S001,Distance,030
CameraTracking,R-L001,Distance,025
CameraTracking,R-L002,Distance,095
CameraTracking,S001,Distance,015

CameraTracking,R-R001,Distance,032
CameraTracking,S001,Distance,015
CameraTracking,R-L002,Distance,035
CameraTracking,S001,Distance,050
CameraTracking,S002,ColorRegion,001
CameraTracking,000,Distance,000

Snapshot,clearBuffer1,RepeatCount,001
CameraTracking,BC,Distance,030
CameraTracking,BC3,Distance,005
CameraTracking,000,Distance,000


# ボトルデリバリー


AbsoluteRotation,090,AbsoluteAngle,090
Straight,001,ColorOrColor,003
AbsoluteRotation,000,AbsoluteAngle,000
Straight,005,DistanceOrColor,GREEN100
CameraTracking,S003,DistanceOrColor,BLUE020
Straight,005,Distance,012






Snapshot,011,RepeatCount,001
GatePosition,1-1,RepeatCount,001


Straight,005,Distance,002
Snapshot,clearBuffer1,RepeatCount,001
GatePosition,1-2,RepeatCount,001

Straight,005,ColorOrColor,001







AbsoluteRotation,090,AbsoluteAngle,090
Snapshot,clearBuffer1,RepeatCount,001
CameraTracking,R-LBS003-4,Distance,080

#QR2取得前カーブ直前
Straight,001,DistanceOrColor,BLACK070

# QR2検出

Snapshot,clearBuffer1,RepeatCount,001
Snapshot,021,RepeatCount,001
GatePosition,2-1,RepeatCount,001