コマンド名,ID,a_kp,a_ki,a_kd,targetAbsAngle
AbsoluteRotation,ID,double,double,double,double
AbsoluteRotation,000,3.0,2.2,0.2,000
AbsoluteRotation,001,3.0,2.2,0.2,001
AbsoluteRotation,002,3.0,2.2,0.2,002
AbsoluteRotation,003,3.0,2.2,0.2,003
AbsoluteRotation,004,3.0,2.2,0.2,004
AbsoluteRotation,005,3.0,2.2,0.2,005
AbsoluteRotation,006,3.0,2.2,0.2,006
AbsoluteRotation,007,3.0,2.2,0.2,007
AbsoluteRotation,008,3.0,2.2,0.2,008
AbsoluteRotation,009,3.0,2.2,0.2,009
AbsoluteRotation,010,3.0,2.2,0.2,010
AbsoluteRotation,011,3.0,2.2,0.2,011
AbsoluteRotation,012,3.0,2.2,0.2,012
AbsoluteRotation,013,3.0,2.2,0.2,013
AbsoluteRotation,014,3.0,2.2,0.2,014
AbsoluteRotation,015,3.0,2.2,0.2,015
AbsoluteRotation,016,3.0,2.2,0.2,016
AbsoluteRotation,017,3.0,2.2,0.2,017
AbsoluteRotation,018,3.0,2.2,0.2,018
AbsoluteRotation,019,3.0,2.2,0.2,019
AbsoluteRotation,020,3.0,2.2,0.2,020
AbsoluteRotation,021,3.0,2.2,0.2,021
AbsoluteRotation,022,3.0,2.2,0.2,022
AbsoluteRotation,023,3.0,2.2,0.2,023
AbsoluteRotation,024,3.0,2.2,0.2,024
AbsoluteRotation,025,3.0,2.2,0.2,025
AbsoluteRotation,026,3.0,2.2,0.2,026
AbsoluteRotation,027,3.0,2.2,0.2,027
AbsoluteRotation,028,3.0,2.2,0.2,028
AbsoluteRotation,029,3.0,2.2,0.2,029
AbsoluteRotation,030,3.0,2.2,0.2,030
AbsoluteRotation,031,3.0,2.2,0.2,031
AbsoluteRotation,032,3.0,2.2,0.2,032
AbsoluteRotation,033,3.0,2.2,0.2,033
AbsoluteRotation,034,3.0,2.2,0.2,034
AbsoluteRotation,035,3.0,2.2,0.2,035
AbsoluteRotation,036,3.0,2.2,0.2,036
AbsoluteRotation,037,3.0,2.2,0.2,037
AbsoluteRotation,038,3.0,2.2,0.2,038
AbsoluteRotation,039,3.0,2.2,0.2,039
AbsoluteRotation,040,3.0,2.2,0.2,040
AbsoluteRotation,041,3.0,2.2,0.2,041
AbsoluteRotation,042,3.0,2.2,0.2,042
AbsoluteRotation,043,3.0,2.2,0.2,043
AbsoluteRotation,044,3.0,2.2,0.2,044
AbsoluteRotation,045,3.0,2.2,0.2,045
AbsoluteRotation,046,3.0,2.2,0.2,046
AbsoluteRotation,047,3.0,2.2,0.2,047
AbsoluteRotation,048,3.0,2.2,0.2,048
AbsoluteRotation,049,3.0,2.2,0.2,049
AbsoluteRotation,050,3.0,2.2,0.2,050
AbsoluteRotation,051,3.0,2.2,0.2,051
AbsoluteRotation,052,3.0,2.2,0.2,052
AbsoluteRotation,053,3.0,2.2,0.2,053
AbsoluteRotation,054,3.0,2.2,0.2,054
AbsoluteRotation,055,3.0,2.2,0.2,055
AbsoluteRotation,056,3.0,2.2,0.2,056
AbsoluteRotation,057,3.0,2.2,0.2,057
AbsoluteRotation,058,3.0,2.2,0.2,058
AbsoluteRotation,059,3.0,2.2,0.2,059
AbsoluteRotation,060,3.0,2.2,0.2,060
AbsoluteRotation,061,3.0,2.2,0.2,061
AbsoluteRotation,062,3.0,2.2,0.2,062
AbsoluteRotation,063,3.0,2.2,0.2,063
AbsoluteRotation,064,3.0,2.2,0.2,064
AbsoluteRotation,065,3.0,2.2,0.2,065
AbsoluteRotation,066,3.0,2.2,0.2,066
AbsoluteRotation,067,3.0,2.2,0.2,067
AbsoluteRotation,068,3.0,2.2,0.2,068
AbsoluteRotation,069,3.0,2.2,0.2,069
AbsoluteRotation,070,3.0,2.2,0.2,070
AbsoluteRotation,071,3.0,2.2,0.2,071
AbsoluteRotation,072,3.0,2.2,0.2,072
AbsoluteRotation,073,3.0,2.2,0.2,073
AbsoluteRotation,074,3.0,2.2,0.2,074
AbsoluteRotation,075,3.0,2.2,0.2,075
AbsoluteRotation,076,3.0,2.2,0.2,076
AbsoluteRotation,077,3.0,2.2,0.2,077
AbsoluteRotation,078,3.0,2.2,0.2,078
AbsoluteRotation,079,3.0,2.2,0.2,079
AbsoluteRotation,080,3.0,2.2,0.2,080
AbsoluteRotation,081,3.0,2.2,0.2,081
AbsoluteRotation,082,3.0,2.2,0.2,082
AbsoluteRotation,083,3.0,2.2,0.2,083
AbsoluteRotation,084,3.0,2.2,0.2,084
AbsoluteRotation,085,3.0,2.2,0.2,085
AbsoluteRotation,086,3.0,2.2,0.2,086
AbsoluteRotation,087,3.0,2.2,0.2,087
AbsoluteRotation,088,3.0,2.2,0.2,088
AbsoluteRotation,089,3.0,2.2,0.2,089
AbsoluteRotation,090,3.0,2.2,0.2,090
AbsoluteRotation,091,3.0,2.2,0.2,091
AbsoluteRotation,092,3.0,2.2,0.2,092
AbsoluteRotation,093,3.0,2.2,0.2,093
AbsoluteRotation,094,3.0,2.2,0.2,094
AbsoluteRotation,095,3.0,2.2,0.2,095
AbsoluteRotation,096,3.0,2.2,0.2,096
AbsoluteRotation,097,3.0,2.2,0.2,097
AbsoluteRotation,098,3.0,2.2,0.2,098
AbsoluteRotation,099,3.0,2.2,0.2,099
AbsoluteRotation,100,3.0,2.2,0.2,100
AbsoluteRotation,101,3.0,2.2,0.2,101
AbsoluteRotation,102,3.0,2.2,0.2,102
AbsoluteRotation,103,3.0,2.2,0.2,103
AbsoluteRotation,104,3.0,2.2,0.2,104
AbsoluteRotation,105,3.0,2.2,0.2,105
AbsoluteRotation,106,3.0,2.2,0.2,106
AbsoluteRotation,107,3.0,2.2,0.2,107
AbsoluteRotation,108,3.0,2.2,0.2,108
AbsoluteRotation,109,3.0,2.2,0.2,109
AbsoluteRotation,110,3.0,2.2,0.2,110
AbsoluteRotation,111,3.0,2.2,0.2,111
AbsoluteRotation,112,3.0,2.2,0.2,112
AbsoluteRotation,113,3.0,2.2,0.2,113
AbsoluteRotation,114,3.0,2.2,0.2,114
AbsoluteRotation,115,3.0,2.2,0.2,115
AbsoluteRotation,116,3.0,2.2,0.2,116
AbsoluteRotation,117,3.0,2.2,0.2,117
AbsoluteRotation,118,3.0,2.2,0.2,118
AbsoluteRotation,119,3.0,2.2,0.2,119
AbsoluteRotation,120,3.0,2.2,0.2,120
AbsoluteRotation,121,3.0,2.2,0.2,121
AbsoluteRotation,122,3.0,2.2,0.2,122
AbsoluteRotation,123,3.0,2.2,0.2,123
AbsoluteRotation,124,3.0,2.2,0.2,124
AbsoluteRotation,125,3.0,2.2,0.2,125
AbsoluteRotation,126,3.0,2.2,0.2,126
AbsoluteRotation,127,3.0,2.2,0.2,127
AbsoluteRotation,128,3.0,2.2,0.2,128
AbsoluteRotation,129,3.0,2.2,0.2,129
AbsoluteRotation,130,3.0,2.2,0.2,130
AbsoluteRotation,131,3.0,2.2,0.2,131
AbsoluteRotation,132,3.0,2.2,0.2,132
AbsoluteRotation,133,3.0,2.2,0.2,133
AbsoluteRotation,134,3.0,2.2,0.2,134
AbsoluteRotation,135,3.0,2.2,0.2,135
AbsoluteRotation,136,3.0,2.2,0.2,136
AbsoluteRotation,137,3.0,2.2,0.2,137
AbsoluteRotation,138,3.0,2.2,0.2,138
AbsoluteRotation,139,3.0,2.2,0.2,139
AbsoluteRotation,140,3.0,2.2,0.2,140
AbsoluteRotation,141,3.0,2.2,0.2,141
AbsoluteRotation,142,3.0,2.2,0.2,142
AbsoluteRotation,143,3.0,2.2,0.2,143
AbsoluteRotation,144,3.0,2.2,0.2,144
AbsoluteRotation,145,3.0,2.2,0.2,145
AbsoluteRotation,146,3.0,2.2,0.2,146
AbsoluteRotation,147,3.0,2.2,0.2,147
AbsoluteRotation,148,3.0,2.2,0.2,148
AbsoluteRotation,149,3.0,2.2,0.2,149
AbsoluteRotation,150,3.0,2.2,0.2,150
AbsoluteRotation,151,3.0,2.2,0.2,151
AbsoluteRotation,152,3.0,2.2,0.2,152
AbsoluteRotation,153,3.0,2.2,0.2,153
AbsoluteRotation,154,3.0,2.2,0.2,154
AbsoluteRotation,155,3.0,2.2,0.2,155
AbsoluteRotation,156,3.0,2.2,0.2,156
AbsoluteRotation,157,3.0,2.2,0.2,157
AbsoluteRotation,158,3.0,2.2,0.2,158
AbsoluteRotation,159,3.0,2.2,0.2,159
AbsoluteRotation,160,3.0,2.2,0.2,160
AbsoluteRotation,161,3.0,2.2,0.2,161
AbsoluteRotation,162,3.0,2.2,0.2,162
AbsoluteRotation,163,3.0,2.2,0.2,163
AbsoluteRotation,164,3.0,2.2,0.2,164
AbsoluteRotation,165,3.0,2.2,0.2,165
AbsoluteRotation,166,3.0,2.2,0.2,166
AbsoluteRotation,167,3.0,2.2,0.2,167
AbsoluteRotation,168,3.0,2.2,0.2,168
AbsoluteRotation,169,3.0,2.2,0.2,169
AbsoluteRotation,170,3.0,2.2,0.2,170
AbsoluteRotation,171,3.0,2.2,0.2,171
AbsoluteRotation,172,3.0,2.2,0.2,172
AbsoluteRotation,173,3.0,2.2,0.2,173
AbsoluteRotation,174,3.0,2.2,0.2,174
AbsoluteRotation,175,3.0,2.2,0.2,175
AbsoluteRotation,176,3.0,2.2,0.2,176
AbsoluteRotation,177,3.0,2.2,0.2,177
AbsoluteRotation,178,3.0,2.2,0.2,178
AbsoluteRotation,179,3.0,2.2,0.2,179
AbsoluteRotation,180,3.0,2.2,0.2,180
AbsoluteRotation,181,3.0,2.2,0.2,181
AbsoluteRotation,182,3.0,2.2,0.2,182
AbsoluteRotation,183,3.0,2.2,0.2,183
AbsoluteRotation,184,3.0,2.2,0.2,184
AbsoluteRotation,185,3.0,2.2,0.2,185
AbsoluteRotation,186,3.0,2.2,0.2,186
AbsoluteRotation,187,3.0,2.2,0.2,187
AbsoluteRotation,188,3.0,2.2,0.2,188
AbsoluteRotation,189,3.0,2.2,0.2,189
AbsoluteRotation,190,3.0,2.2,0.2,190
AbsoluteRotation,191,3.0,2.2,0.2,191
AbsoluteRotation,192,3.0,2.2,0.2,192
AbsoluteRotation,193,3.0,2.2,0.2,193
AbsoluteRotation,194,3.0,2.2,0.2,194
AbsoluteRotation,195,3.0,2.2,0.2,195
AbsoluteRotation,196,3.0,2.2,0.2,196
AbsoluteRotation,197,3.0,2.2,0.2,197
AbsoluteRotation,198,3.0,2.2,0.2,198
AbsoluteRotation,199,3.0,2.2,0.2,199
AbsoluteRotation,200,3.0,2.2,0.2,200
AbsoluteRotation,201,3.0,2.2,0.2,201
AbsoluteRotation,202,3.0,2.2,0.2,202
AbsoluteRotation,203,3.0,2.2,0.2,203
AbsoluteRotation,204,3.0,2.2,0.2,204
AbsoluteRotation,205,3.0,2.2,0.2,205
AbsoluteRotation,206,3.0,2.2,0.2,206
AbsoluteRotation,207,3.0,2.2,0.2,207
AbsoluteRotation,208,3.0,2.2,0.2,208
AbsoluteRotation,209,3.0,2.2,0.2,209
AbsoluteRotation,210,3.0,2.2,0.2,210
AbsoluteRotation,211,3.0,2.2,0.2,211
AbsoluteRotation,212,3.0,2.2,0.2,212
AbsoluteRotation,213,3.0,2.2,0.2,213
AbsoluteRotation,214,3.0,2.2,0.2,214
AbsoluteRotation,215,3.0,2.2,0.2,215
AbsoluteRotation,216,3.0,2.2,0.2,216
AbsoluteRotation,217,3.0,2.2,0.2,217
AbsoluteRotation,218,3.0,2.2,0.2,218
AbsoluteRotation,219,3.0,2.2,0.2,219
AbsoluteRotation,220,3.0,2.2,0.2,220
AbsoluteRotation,221,3.0,2.2,0.2,221
AbsoluteRotation,222,3.0,2.2,0.2,222
AbsoluteRotation,223,3.0,2.2,0.2,223
AbsoluteRotation,224,3.0,2.2,0.2,224
AbsoluteRotation,225,3.0,2.2,0.2,225
AbsoluteRotation,226,3.0,2.2,0.2,226
AbsoluteRotation,227,3.0,2.2,0.2,227
AbsoluteRotation,228,3.0,2.2,0.2,228
AbsoluteRotation,229,3.0,2.2,0.2,229
AbsoluteRotation,230,3.0,2.2,0.2,230
AbsoluteRotation,231,3.0,2.2,0.2,231
AbsoluteRotation,232,3.0,2.2,0.2,232
AbsoluteRotation,233,3.0,2.2,0.2,233
AbsoluteRotation,234,3.0,2.2,0.2,234
AbsoluteRotation,235,3.0,2.2,0.2,235
AbsoluteRotation,236,3.0,2.2,0.2,236
AbsoluteRotation,237,3.0,2.2,0.2,237
AbsoluteRotation,238,3.0,2.2,0.2,238
AbsoluteRotation,239,3.0,2.2,0.2,239
AbsoluteRotation,240,3.0,2.2,0.2,240
AbsoluteRotation,241,3.0,2.2,0.2,241
AbsoluteRotation,242,3.0,2.2,0.2,242
AbsoluteRotation,243,3.0,2.2,0.2,243
AbsoluteRotation,244,3.0,2.2,0.2,244
AbsoluteRotation,245,3.0,2.2,0.2,245
AbsoluteRotation,246,3.0,2.2,0.2,246
AbsoluteRotation,247,3.0,2.2,0.2,247
AbsoluteRotation,248,3.0,2.2,0.2,248
AbsoluteRotation,249,3.0,2.2,0.2,249
AbsoluteRotation,250,3.0,2.2,0.2,250
AbsoluteRotation,251,3.0,2.2,0.2,251
AbsoluteRotation,252,3.0,2.2,0.2,252
AbsoluteRotation,253,3.0,2.2,0.2,253
AbsoluteRotation,254,3.0,2.2,0.2,254
AbsoluteRotation,255,3.0,2.2,0.2,255
AbsoluteRotation,256,3.0,2.2,0.2,256
AbsoluteRotation,257,3.0,2.2,0.2,257
AbsoluteRotation,258,3.0,2.2,0.2,258
AbsoluteRotation,259,3.0,2.2,0.2,259
AbsoluteRotation,260,3.0,2.2,0.2,260
AbsoluteRotation,261,3.0,2.2,0.2,261
AbsoluteRotation,262,3.0,2.2,0.2,262
AbsoluteRotation,263,3.0,2.2,0.2,263
AbsoluteRotation,264,3.0,2.2,0.2,264
AbsoluteRotation,265,3.0,2.2,0.2,265
AbsoluteRotation,266,3.0,2.2,0.2,266
AbsoluteRotation,267,3.0,2.2,0.2,267
AbsoluteRotation,268,3.0,2.2,0.2,268
AbsoluteRotation,269,3.0,2.2,0.2,269
AbsoluteRotation,270,3.0,2.2,0.2,270
AbsoluteRotation,271,3.0,2.2,0.2,271
AbsoluteRotation,272,3.0,2.2,0.2,272
AbsoluteRotation,273,3.0,2.2,0.2,273
AbsoluteRotation,274,3.0,2.2,0.2,274
AbsoluteRotation,275,3.0,2.2,0.2,275
AbsoluteRotation,276,3.0,2.2,0.2,276
AbsoluteRotation,277,3.0,2.2,0.2,277
AbsoluteRotation,278,3.0,2.2,0.2,278
AbsoluteRotation,279,3.0,2.2,0.2,279
AbsoluteRotation,280,3.0,2.2,0.2,280
AbsoluteRotation,281,3.0,2.2,0.2,281
AbsoluteRotation,282,3.0,2.2,0.2,282
AbsoluteRotation,283,3.0,2.2,0.2,283
AbsoluteRotation,284,3.0,2.2,0.2,284
AbsoluteRotation,285,3.0,2.2,0.2,285
AbsoluteRotation,286,3.0,2.2,0.2,286
AbsoluteRotation,287,3.0,2.2,0.2,287
AbsoluteRotation,288,3.0,2.2,0.2,288
AbsoluteRotation,289,3.0,2.2,0.2,289
AbsoluteRotation,290,3.0,2.2,0.2,290
AbsoluteRotation,291,3.0,2.2,0.2,291
AbsoluteRotation,292,3.0,2.2,0.2,292
AbsoluteRotation,293,3.0,2.2,0.2,293
AbsoluteRotation,294,3.0,2.2,0.2,294
AbsoluteRotation,295,3.0,2.2,0.2,295
AbsoluteRotation,296,3.0,2.2,0.2,296
AbsoluteRotation,297,3.0,2.2,0.2,297
AbsoluteRotation,298,3.0,2.2,0.2,298
AbsoluteRotation,299,3.0,2.2,0.2,299
AbsoluteRotation,300,3.0,2.2,0.2,300
AbsoluteRotation,301,3.0,2.2,0.2,301
AbsoluteRotation,302,3.0,2.2,0.2,302
AbsoluteRotation,303,3.0,2.2,0.2,303
AbsoluteRotation,304,3.0,2.2,0.2,304
AbsoluteRotation,305,3.0,2.2,0.2,305
AbsoluteRotation,306,3.0,2.2,0.2,306
AbsoluteRotation,307,3.0,2.2,0.2,307
AbsoluteRotation,308,3.0,2.2,0.2,308
AbsoluteRotation,309,3.0,2.2,0.2,309
AbsoluteRotation,310,3.0,2.2,0.2,310
AbsoluteRotation,311,3.0,2.2,0.2,311
AbsoluteRotation,312,3.0,2.2,0.2,312
AbsoluteRotation,313,3.0,2.2,0.2,313
AbsoluteRotation,314,3.0,2.2,0.2,314
AbsoluteRotation,315,3.0,2.2,0.2,315
AbsoluteRotation,316,3.0,2.2,0.2,316
AbsoluteRotation,317,3.0,2.2,0.2,317
AbsoluteRotation,318,3.0,2.2,0.2,318
AbsoluteRotation,319,3.0,2.2,0.2,319
AbsoluteRotation,320,3.0,2.2,0.2,320
AbsoluteRotation,321,3.0,2.2,0.2,321
AbsoluteRotation,322,3.0,2.2,0.2,322
AbsoluteRotation,323,3.0,2.2,0.2,323
AbsoluteRotation,324,3.0,2.2,0.2,324
AbsoluteRotation,325,3.0,2.2,0.2,325
AbsoluteRotation,326,3.0,2.2,0.2,326
AbsoluteRotation,327,3.0,2.2,0.2,327
AbsoluteRotation,328,3.0,2.2,0.2,328
AbsoluteRotation,329,3.0,2.2,0.2,329
AbsoluteRotation,330,3.0,2.2,0.2,330
AbsoluteRotation,331,3.0,2.2,0.2,331
AbsoluteRotation,332,3.0,2.2,0.2,332
AbsoluteRotation,333,3.0,2.2,0.2,333
AbsoluteRotation,334,3.0,2.2,0.2,334
AbsoluteRotation,335,3.0,2.2,0.2,335
AbsoluteRotation,336,3.0,2.2,0.2,336
AbsoluteRotation,337,3.0,2.2,0.2,337
AbsoluteRotation,338,3.0,2.2,0.2,338
AbsoluteRotation,339,3.0,2.2,0.2,339
AbsoluteRotation,340,3.0,2.2,0.2,340
AbsoluteRotation,341,3.0,2.2,0.2,341
AbsoluteRotation,342,3.0,2.2,0.2,342
AbsoluteRotation,343,3.0,2.2,0.2,343
AbsoluteRotation,344,3.0,2.2,0.2,344
AbsoluteRotation,345,3.0,2.2,0.2,345
AbsoluteRotation,346,3.0,2.2,0.2,346
AbsoluteRotation,347,3.0,2.2,0.2,347
AbsoluteRotation,348,3.0,2.2,0.2,348
AbsoluteRotation,349,3.0,2.2,0.2,349
AbsoluteRotation,350,3.0,2.2,0.2,350
AbsoluteRotation,351,3.0,2.2,0.2,351
AbsoluteRotation,352,3.0,2.2,0.2,352
AbsoluteRotation,353,3.0,2.2,0.2,353
AbsoluteRotation,354,3.0,2.2,0.2,354
AbsoluteRotation,355,3.0,2.2,0.2,355
AbsoluteRotation,356,3.0,2.2,0.2,356
AbsoluteRotation,357,3.0,2.2,0.2,357
AbsoluteRotation,358,3.0,2.2,0.2,358
AbsoluteRotation,359,3.0,2.2,0.2,359
AbsoluteRotation,360,3.0,2.2,0.2,360
AbsoluteRotation,-001,3.0,2.2,0.2,-001
AbsoluteRotation,-002,3.0,2.2,0.2,-002
AbsoluteRotation,-003,3.0,2.2,0.2,-003
AbsoluteRotation,-004,3.0,2.2,0.2,-004
AbsoluteRotation,-005,3.0,2.2,0.2,-005
AbsoluteRotation,-006,3.0,2.2,0.2,-006
AbsoluteRotation,-007,3.0,2.2,0.2,-007
AbsoluteRotation,-008,3.0,2.2,0.2,-008
AbsoluteRotation,-009,3.0,2.2,0.2,-009
AbsoluteRotation,-010,3.0,2.2,0.2,-010
AbsoluteRotation,-011,3.0,2.2,0.2,-011
AbsoluteRotation,-012,3.0,2.2,0.2,-012
AbsoluteRotation,-013,3.0,2.2,0.2,-013
AbsoluteRotation,-014,3.0,2.2,0.2,-014
AbsoluteRotation,-015,3.0,2.2,0.2,-015
AbsoluteRotation,-016,3.0,2.2,0.2,-016
AbsoluteRotation,-017,3.0,2.2,0.2,-017
AbsoluteRotation,-018,3.0,2.2,0.2,-018
AbsoluteRotation,-019,3.0,2.2,0.2,-019
AbsoluteRotation,-020,3.0,2.2,0.2,-020
AbsoluteRotation,-021,3.0,2.2,0.2,-021
AbsoluteRotation,-022,3.0,2.2,0.2,-022
AbsoluteRotation,-023,3.0,2.2,0.2,-023
AbsoluteRotation,-024,3.0,2.2,0.2,-024
AbsoluteRotation,-025,3.0,2.2,0.2,-025
AbsoluteRotation,-026,3.0,2.2,0.2,-026
AbsoluteRotation,-027,3.0,2.2,0.2,-027
AbsoluteRotation,-028,3.0,2.2,0.2,-028
AbsoluteRotation,-029,3.0,2.2,0.2,-029
AbsoluteRotation,-030,3.0,2.2,0.2,-030
AbsoluteRotation,-031,3.0,2.2,0.2,-031
AbsoluteRotation,-032,3.0,2.2,0.2,-032
AbsoluteRotation,-033,3.0,2.2,0.2,-033
AbsoluteRotation,-034,3.0,2.2,0.2,-034
AbsoluteRotation,-035,3.0,2.2,0.2,-035
AbsoluteRotation,-036,3.0,2.2,0.2,-036
AbsoluteRotation,-037,3.0,2.2,0.2,-037
AbsoluteRotation,-038,3.0,2.2,0.2,-038
AbsoluteRotation,-039,3.0,2.2,0.2,-039
AbsoluteRotation,-040,3.0,2.2,0.2,-040
AbsoluteRotation,-041,3.0,2.2,0.2,-041
AbsoluteRotation,-042,3.0,2.2,0.2,-042
AbsoluteRotation,-043,3.0,2.2,0.2,-043
AbsoluteRotation,-044,3.0,2.2,0.2,-044
AbsoluteRotation,-045,3.0,2.2,0.2,-045
AbsoluteRotation,-046,3.0,2.2,0.2,-046
AbsoluteRotation,-047,3.0,2.2,0.2,-047
AbsoluteRotation,-048,3.0,2.2,0.2,-048
AbsoluteRotation,-049,3.0,2.2,0.2,-049
AbsoluteRotation,-050,3.0,2.2,0.2,-050
AbsoluteRotation,-051,3.0,2.2,0.2,-051
AbsoluteRotation,-052,3.0,2.2,0.2,-052
AbsoluteRotation,-053,3.0,2.2,0.2,-053
AbsoluteRotation,-054,3.0,2.2,0.2,-054
AbsoluteRotation,-055,3.0,2.2,0.2,-055
AbsoluteRotation,-056,3.0,2.2,0.2,-056
AbsoluteRotation,-057,3.0,2.2,0.2,-057
AbsoluteRotation,-058,3.0,2.2,0.2,-058
AbsoluteRotation,-059,3.0,2.2,0.2,-059
AbsoluteRotation,-060,3.0,2.2,0.2,-060
AbsoluteRotation,-061,3.0,2.2,0.2,-061
AbsoluteRotation,-062,3.0,2.2,0.2,-062
AbsoluteRotation,-063,3.0,2.2,0.2,-063
AbsoluteRotation,-064,3.0,2.2,0.2,-064
AbsoluteRotation,-065,3.0,2.2,0.2,-065
AbsoluteRotation,-066,3.0,2.2,0.2,-066
AbsoluteRotation,-067,3.0,2.2,0.2,-067
AbsoluteRotation,-068,3.0,2.2,0.2,-068
AbsoluteRotation,-069,3.0,2.2,0.2,-069
AbsoluteRotation,-070,3.0,2.2,0.2,-070
AbsoluteRotation,-071,3.0,2.2,0.2,-071
AbsoluteRotation,-072,3.0,2.2,0.2,-072
AbsoluteRotation,-073,3.0,2.2,0.2,-073
AbsoluteRotation,-074,3.0,2.2,0.2,-074
AbsoluteRotation,-075,3.0,2.2,0.2,-075
AbsoluteRotation,-076,3.0,2.2,0.2,-076
AbsoluteRotation,-077,3.0,2.2,0.2,-077
AbsoluteRotation,-078,3.0,2.2,0.2,-078
AbsoluteRotation,-079,3.0,2.2,0.2,-079
AbsoluteRotation,-080,3.0,2.2,0.2,-080
AbsoluteRotation,-081,3.0,2.2,0.2,-081
AbsoluteRotation,-082,3.0,2.2,0.2,-082
AbsoluteRotation,-083,3.0,2.2,0.2,-083
AbsoluteRotation,-084,3.0,2.2,0.2,-084
AbsoluteRotation,-085,3.0,2.2,0.2,-085
AbsoluteRotation,-086,3.0,2.2,0.2,-086
AbsoluteRotation,-087,3.0,2.2,0.2,-087
AbsoluteRotation,-088,3.0,2.2,0.2,-088
AbsoluteRotation,-089,3.0,2.2,0.2,-089
AbsoluteRotation,-090,3.0,2.2,0.2,-090
AbsoluteRotation,-091,3.0,2.2,0.2,-091
AbsoluteRotation,-092,3.0,2.2,0.2,-092
AbsoluteRotation,-093,3.0,2.2,0.2,-093
AbsoluteRotation,-094,3.0,2.2,0.2,-094
AbsoluteRotation,-095,3.0,2.2,0.2,-095
AbsoluteRotation,-096,3.0,2.2,0.2,-096
AbsoluteRotation,-097,3.0,2.2,0.2,-097
AbsoluteRotation,-098,3.0,2.2,0.2,-098
AbsoluteRotation,-099,3.0,2.2,0.2,-099
AbsoluteRotation,-100,3.0,2.2,0.2,-100
AbsoluteRotation,-101,3.0,2.2,0.2,-101
AbsoluteRotation,-102,3.0,2.2,0.2,-102
AbsoluteRotation,-103,3.0,2.2,0.2,-103
AbsoluteRotation,-104,3.0,2.2,0.2,-104
AbsoluteRotation,-105,3.0,2.2,0.2,-105
AbsoluteRotation,-106,3.0,2.2,0.2,-106
AbsoluteRotation,-107,3.0,2.2,0.2,-107
AbsoluteRotation,-108,3.0,2.2,0.2,-108
AbsoluteRotation,-109,3.0,2.2,0.2,-109
AbsoluteRotation,-110,3.0,2.2,0.2,-110
AbsoluteRotation,-111,3.0,2.2,0.2,-111
AbsoluteRotation,-112,3.0,2.2,0.2,-112
AbsoluteRotation,-113,3.0,2.2,0.2,-113
AbsoluteRotation,-114,3.0,2.2,0.2,-114
AbsoluteRotation,-115,3.0,2.2,0.2,-115
AbsoluteRotation,-116,3.0,2.2,0.2,-116
AbsoluteRotation,-117,3.0,2.2,0.2,-117
AbsoluteRotation,-118,3.0,2.2,0.2,-118
AbsoluteRotation,-119,3.0,2.2,0.2,-119
AbsoluteRotation,-120,3.0,2.2,0.2,-120
AbsoluteRotation,-121,3.0,2.2,0.2,-121
AbsoluteRotation,-122,3.0,2.2,0.2,-122
AbsoluteRotation,-123,3.0,2.2,0.2,-123
AbsoluteRotation,-124,3.0,2.2,0.2,-124
AbsoluteRotation,-125,3.0,2.2,0.2,-125
AbsoluteRotation,-126,3.0,2.2,0.2,-126
AbsoluteRotation,-127,3.0,2.2,0.2,-127
AbsoluteRotation,-128,3.0,2.2,0.2,-128
AbsoluteRotation,-129,3.0,2.2,0.2,-129
AbsoluteRotation,-130,3.0,2.2,0.2,-130
AbsoluteRotation,-131,3.0,2.2,0.2,-131
AbsoluteRotation,-132,3.0,2.2,0.2,-132
AbsoluteRotation,-133,3.0,2.2,0.2,-133
AbsoluteRotation,-134,3.0,2.2,0.2,-134
AbsoluteRotation,-135,3.0,2.2,0.2,-135
AbsoluteRotation,-136,3.0,2.2,0.2,-136
AbsoluteRotation,-137,3.0,2.2,0.2,-137
AbsoluteRotation,-138,3.0,2.2,0.2,-138
AbsoluteRotation,-139,3.0,2.2,0.2,-139
AbsoluteRotation,-140,3.0,2.2,0.2,-140
AbsoluteRotation,-141,3.0,2.2,0.2,-141
AbsoluteRotation,-142,3.0,2.2,0.2,-142
AbsoluteRotation,-143,3.0,2.2,0.2,-143
AbsoluteRotation,-144,3.0,2.2,0.2,-144
AbsoluteRotation,-145,3.0,2.2,0.2,-145
AbsoluteRotation,-146,3.0,2.2,0.2,-146
AbsoluteRotation,-147,3.0,2.2,0.2,-147
AbsoluteRotation,-148,3.0,2.2,0.2,-148
AbsoluteRotation,-149,3.0,2.2,0.2,-149
AbsoluteRotation,-150,3.0,2.2,0.2,-150
AbsoluteRotation,-151,3.0,2.2,0.2,-151
AbsoluteRotation,-152,3.0,2.2,0.2,-152
AbsoluteRotation,-153,3.0,2.2,0.2,-153
AbsoluteRotation,-154,3.0,2.2,0.2,-154
AbsoluteRotation,-155,3.0,2.2,0.2,-155
AbsoluteRotation,-156,3.0,2.2,0.2,-156
AbsoluteRotation,-157,3.0,2.2,0.2,-157
AbsoluteRotation,-158,3.0,2.2,0.2,-158
AbsoluteRotation,-159,3.0,2.2,0.2,-159
AbsoluteRotation,-160,3.0,2.2,0.2,-160
AbsoluteRotation,-161,3.0,2.2,0.2,-161
AbsoluteRotation,-162,3.0,2.2,0.2,-162
AbsoluteRotation,-163,3.0,2.2,0.2,-163
AbsoluteRotation,-164,3.0,2.2,0.2,-164
AbsoluteRotation,-165,3.0,2.2,0.2,-165
AbsoluteRotation,-166,3.0,2.2,0.2,-166
AbsoluteRotation,-167,3.0,2.2,0.2,-167
AbsoluteRotation,-168,3.0,2.2,0.2,-168
AbsoluteRotation,-169,3.0,2.2,0.2,-169
AbsoluteRotation,-170,3.0,2.2,0.2,-170
AbsoluteRotation,-171,3.0,2.2,0.2,-171
AbsoluteRotation,-172,3.0,2.2,0.2,-172
AbsoluteRotation,-173,3.0,2.2,0.2,-173
AbsoluteRotation,-174,3.0,2.2,0.2,-174
AbsoluteRotation,-175,3.0,2.2,0.2,-175
AbsoluteRotation,-176,3.0,2.2,0.2,-176
AbsoluteRotation,-177,3.0,2.2,0.2,-177
AbsoluteRotation,-178,3.0,2.2,0.2,-178
AbsoluteRotation,-179,3.0,2.2,0.2,-179
AbsoluteRotation,-180,3.0,2.2,0.2,-180
AbsoluteRotation,-181,3.0,2.2,0.2,-181
AbsoluteRotation,-182,3.0,2.2,0.2,-182
AbsoluteRotation,-183,3.0,2.2,0.2,-183
AbsoluteRotation,-184,3.0,2.2,0.2,-184
AbsoluteRotation,-185,3.0,2.2,0.2,-185
AbsoluteRotation,-186,3.0,2.2,0.2,-186
AbsoluteRotation,-187,3.0,2.2,0.2,-187
AbsoluteRotation,-188,3.0,2.2,0.2,-188
AbsoluteRotation,-189,3.0,2.2,0.2,-189
AbsoluteRotation,-190,3.0,2.2,0.2,-190
AbsoluteRotation,-191,3.0,2.2,0.2,-191
AbsoluteRotation,-192,3.0,2.2,0.2,-192
AbsoluteRotation,-193,3.0,2.2,0.2,-193
AbsoluteRotation,-194,3.0,2.2,0.2,-194
AbsoluteRotation,-195,3.0,2.2,0.2,-195
AbsoluteRotation,-196,3.0,2.2,0.2,-196
AbsoluteRotation,-197,3.0,2.2,0.2,-197
AbsoluteRotation,-198,3.0,2.2,0.2,-198
AbsoluteRotation,-199,3.0,2.2,0.2,-199
AbsoluteRotation,-200,3.0,2.2,0.2,-200
AbsoluteRotation,-201,3.0,2.2,0.2,-201
AbsoluteRotation,-202,3.0,2.2,0.2,-202
AbsoluteRotation,-203,3.0,2.2,0.2,-203
AbsoluteRotation,-204,3.0,2.2,0.2,-204
AbsoluteRotation,-205,3.0,2.2,0.2,-205
AbsoluteRotation,-206,3.0,2.2,0.2,-206
AbsoluteRotation,-207,3.0,2.2,0.2,-207
AbsoluteRotation,-208,3.0,2.2,0.2,-208
AbsoluteRotation,-209,3.0,2.2,0.2,-209
AbsoluteRotation,-210,3.0,2.2,0.2,-210
AbsoluteRotation,-211,3.0,2.2,0.2,-211
AbsoluteRotation,-212,3.0,2.2,0.2,-212
AbsoluteRotation,-213,3.0,2.2,0.2,-213
AbsoluteRotation,-214,3.0,2.2,0.2,-214
AbsoluteRotation,-215,3.0,2.2,0.2,-215
AbsoluteRotation,-216,3.0,2.2,0.2,-216
AbsoluteRotation,-217,3.0,2.2,0.2,-217
AbsoluteRotation,-218,3.0,2.2,0.2,-218
AbsoluteRotation,-219,3.0,2.2,0.2,-219
AbsoluteRotation,-220,3.0,2.2,0.2,-220
AbsoluteRotation,-221,3.0,2.2,0.2,-221
AbsoluteRotation,-222,3.0,2.2,0.2,-222
AbsoluteRotation,-223,3.0,2.2,0.2,-223
AbsoluteRotation,-224,3.0,2.2,0.2,-224
AbsoluteRotation,-225,3.0,2.2,0.2,-225
AbsoluteRotation,-226,3.0,2.2,0.2,-226
AbsoluteRotation,-227,3.0,2.2,0.2,-227
AbsoluteRotation,-228,3.0,2.2,0.2,-228
AbsoluteRotation,-229,3.0,2.2,0.2,-229
AbsoluteRotation,-230,3.0,2.2,0.2,-230
AbsoluteRotation,-231,3.0,2.2,0.2,-231
AbsoluteRotation,-232,3.0,2.2,0.2,-232
AbsoluteRotation,-233,3.0,2.2,0.2,-233
AbsoluteRotation,-234,3.0,2.2,0.2,-234
AbsoluteRotation,-235,3.0,2.2,0.2,-235
AbsoluteRotation,-236,3.0,2.2,0.2,-236
AbsoluteRotation,-237,3.0,2.2,0.2,-237
AbsoluteRotation,-238,3.0,2.2,0.2,-238
AbsoluteRotation,-239,3.0,2.2,0.2,-239
AbsoluteRotation,-240,3.0,2.2,0.2,-240
AbsoluteRotation,-241,3.0,2.2,0.2,-241
AbsoluteRotation,-242,3.0,2.2,0.2,-242
AbsoluteRotation,-243,3.0,2.2,0.2,-243
AbsoluteRotation,-244,3.0,2.2,0.2,-244
AbsoluteRotation,-245,3.0,2.2,0.2,-245
AbsoluteRotation,-246,3.0,2.2,0.2,-246
AbsoluteRotation,-247,3.0,2.2,0.2,-247
AbsoluteRotation,-248,3.0,2.2,0.2,-248
AbsoluteRotation,-249,3.0,2.2,0.2,-249
AbsoluteRotation,-250,3.0,2.2,0.2,-250
AbsoluteRotation,-251,3.0,2.2,0.2,-251
AbsoluteRotation,-252,3.0,2.2,0.2,-252
AbsoluteRotation,-253,3.0,2.2,0.2,-253
AbsoluteRotation,-254,3.0,2.2,0.2,-254
AbsoluteRotation,-255,3.0,2.2,0.2,-255
AbsoluteRotation,-256,3.0,2.2,0.2,-256
AbsoluteRotation,-257,3.0,2.2,0.2,-257
AbsoluteRotation,-258,3.0,2.2,0.2,-258
AbsoluteRotation,-259,3.0,2.2,0.2,-259
AbsoluteRotation,-260,3.0,2.2,0.2,-260
AbsoluteRotation,-261,3.0,2.2,0.2,-261
AbsoluteRotation,-262,3.0,2.2,0.2,-262
AbsoluteRotation,-263,3.0,2.2,0.2,-263
AbsoluteRotation,-264,3.0,2.2,0.2,-264
AbsoluteRotation,-265,3.0,2.2,0.2,-265
AbsoluteRotation,-266,3.0,2.2,0.2,-266
AbsoluteRotation,-267,3.0,2.2,0.2,-267
AbsoluteRotation,-268,3.0,2.2,0.2,-268
AbsoluteRotation,-269,3.0,2.2,0.2,-269
AbsoluteRotation,-270,3.0,2.2,0.2,-270
AbsoluteRotation,-271,3.0,2.2,0.2,-271
AbsoluteRotation,-272,3.0,2.2,0.2,-272
AbsoluteRotation,-273,3.0,2.2,0.2,-273
AbsoluteRotation,-274,3.0,2.2,0.2,-274
AbsoluteRotation,-275,3.0,2.2,0.2,-275
AbsoluteRotation,-276,3.0,2.2,0.2,-276
AbsoluteRotation,-277,3.0,2.2,0.2,-277
AbsoluteRotation,-278,3.0,2.2,0.2,-278
AbsoluteRotation,-279,3.0,2.2,0.2,-279
AbsoluteRotation,-280,3.0,2.2,0.2,-280
AbsoluteRotation,-281,3.0,2.2,0.2,-281
AbsoluteRotation,-282,3.0,2.2,0.2,-282
AbsoluteRotation,-283,3.0,2.2,0.2,-283
AbsoluteRotation,-284,3.0,2.2,0.2,-284
AbsoluteRotation,-285,3.0,2.2,0.2,-285
AbsoluteRotation,-286,3.0,2.2,0.2,-286
AbsoluteRotation,-287,3.0,2.2,0.2,-287
AbsoluteRotation,-288,3.0,2.2,0.2,-288
AbsoluteRotation,-289,3.0,2.2,0.2,-289
AbsoluteRotation,-290,3.0,2.2,0.2,-290
AbsoluteRotation,-291,3.0,2.2,0.2,-291
AbsoluteRotation,-292,3.0,2.2,0.2,-292
AbsoluteRotation,-293,3.0,2.2,0.2,-293
AbsoluteRotation,-294,3.0,2.2,0.2,-294
AbsoluteRotation,-295,3.0,2.2,0.2,-295
AbsoluteRotation,-296,3.0,2.2,0.2,-296
AbsoluteRotation,-297,3.0,2.2,0.2,-297
AbsoluteRotation,-298,3.0,2.2,0.2,-298
AbsoluteRotation,-299,3.0,2.2,0.2,-299
AbsoluteRotation,-300,3.0,2.2,0.2,-300
AbsoluteRotation,-301,3.0,2.2,0.2,-301
AbsoluteRotation,-302,3.0,2.2,0.2,-302
AbsoluteRotation,-303,3.0,2.2,0.2,-303
AbsoluteRotation,-304,3.0,2.2,0.2,-304
AbsoluteRotation,-305,3.0,2.2,0.2,-305
AbsoluteRotation,-306,3.0,2.2,0.2,-306
AbsoluteRotation,-307,3.0,2.2,0.2,-307
AbsoluteRotation,-308,3.0,2.2,0.2,-308
AbsoluteRotation,-309,3.0,2.2,0.2,-309
AbsoluteRotation,-310,3.0,2.2,0.2,-310
AbsoluteRotation,-311,3.0,2.2,0.2,-311
AbsoluteRotation,-312,3.0,2.2,0.2,-312
AbsoluteRotation,-313,3.0,2.2,0.2,-313
AbsoluteRotation,-314,3.0,2.2,0.2,-314
AbsoluteRotation,-315,3.0,2.2,0.2,-315
AbsoluteRotation,-316,3.0,2.2,0.2,-316
AbsoluteRotation,-317,3.0,2.2,0.2,-317
AbsoluteRotation,-318,3.0,2.2,0.2,-318
AbsoluteRotation,-319,3.0,2.2,0.2,-319
AbsoluteRotation,-320,3.0,2.2,0.2,-320
AbsoluteRotation,-321,3.0,2.2,0.2,-321
AbsoluteRotation,-322,3.0,2.2,0.2,-322
AbsoluteRotation,-323,3.0,2.2,0.2,-323
AbsoluteRotation,-324,3.0,2.2,0.2,-324
AbsoluteRotation,-325,3.0,2.2,0.2,-325
AbsoluteRotation,-326,3.0,2.2,0.2,-326
AbsoluteRotation,-327,3.0,2.2,0.2,-327
AbsoluteRotation,-328,3.0,2.2,0.2,-328
AbsoluteRotation,-329,3.0,2.2,0.2,-329
AbsoluteRotation,-330,3.0,2.2,0.2,-330
AbsoluteRotation,-331,3.0,2.2,0.2,-331
AbsoluteRotation,-332,3.0,2.2,0.2,-332
AbsoluteRotation,-333,3.0,2.2,0.2,-333
AbsoluteRotation,-334,3.0,2.2,0.2,-334
AbsoluteRotation,-335,3.0,2.2,0.2,-335
AbsoluteRotation,-336,3.0,2.2,0.2,-336
AbsoluteRotation,-337,3.0,2.2,0.2,-337
AbsoluteRotation,-338,3.0,2.2,0.2,-338
AbsoluteRotation,-339,3.0,2.2,0.2,-339
AbsoluteRotation,-340,3.0,2.2,0.2,-340
AbsoluteRotation,-341,3.0,2.2,0.2,-341
AbsoluteRotation,-342,3.0,2.2,0.2,-342
AbsoluteRotation,-343,3.0,2.2,0.2,-343
AbsoluteRotation,-344,3.0,2.2,0.2,-344
AbsoluteRotation,-345,3.0,2.2,0.2,-345
AbsoluteRotation,-346,3.0,2.2,0.2,-346
AbsoluteRotation,-347,3.0,2.2,0.2,-347
AbsoluteRotation,-348,3.0,2.2,0.2,-348
AbsoluteRotation,-349,3.0,2.2,0.2,-349
AbsoluteRotation,-350,3.0,2.2,0.2,-350
AbsoluteRotation,-351,3.0,2.2,0.2,-351
AbsoluteRotation,-352,3.0,2.2,0.2,-352
AbsoluteRotation,-353,3.0,2.2,0.2,-353
AbsoluteRotation,-354,3.0,2.2,0.2,-354
AbsoluteRotation,-355,3.0,2.2,0.2,-355
AbsoluteRotation,-356,3.0,2.2,0.2,-356
AbsoluteRotation,-357,3.0,2.2,0.2,-357
AbsoluteRotation,-358,3.0,2.2,0.2,-358
AbsoluteRotation,-359,3.0,2.2,0.2,-359
AbsoluteRotation,-360,3.0,2.2,0.2,-360
